,title,agency,date,status,purpose,period_covered,link,reason_denial
0,SALN of Bongbong Marcos,DOTr,2016-11-25,DENIED,School Paper Research(Thesis),11/25/2016 - 11/25/2016,,wrong-agency
1,"SALN of the following: Ronnan Y. Pado, Ernani H. Lazaro, Zacarina A. Lazaro & Haira L. Rivera all of",DOF,2016-12-05,DENIED,Transparency,12/31/2015 - 12/31/2015,,incomplete-request
2,"SALN of Niño Maximino A. Lazaro Municipal Councilor of San Pascual, Masbate",DOF,2016-12-17,DENIED,Public Information,07/01/2013 - 12/31/2015,,wrong-agency
3,The SALNs of each of the cabinet members of the Duterte administration,PCOO,2016-12-23,SUCCESSFUL,news reporting/public information,06/30/2016 - 12/23/2016,,—
4,The SALNs of Presidents Aquino and Duterte's Cabinet members,PCOO,2017-01-18,SUCCESSFUL,Research,06/30/2016 - 06/30/2016,,—
5,available SALN of SPO3 Ricky Malaboto Sta. Isabel,PNP,2017-01-23,CLOSED,research; dissemination thru broadcast media,01/01/2010 - 01/23/2017,,—
6,ABS CBN SALN REQUEST OF PRESIDENTIAL SPOKESPERSON ERNESTO ABELLA,PCOO,2017-01-31,SUCCESSFUL,Research and Development,06/30/2016 - 06/30/2016,,—
7,SALN of Barangay La Paz Capt. Marlou Ancajas,PCOO,2017-02-01,DENIED,For Research and Information,07/01/2007 - 12/31/2016,,wrong-agency
8,2016 SALNs of President Duterte and Cabinet members,PCOO,2017-02-16,DENIED,News publication,01/01/2016 - 02/16/2017,,—
9,SALN of Finance Secretary Carlos Dominguez and House Speaker Pantaleon Alvarez,PCOO,2017-03-01,DENIED,News reporting,01/01/2016 - 12/31/2016,,—
10,"SALN of Brgy. La Paz (Bogo City, Cebu) Capt. Marlou Ancajas",DILG,2017-03-07,DENIED,For Research and Information,07/01/2007 - 12/31/2016,,wrong-agency
11,"SALN of Bulakan, Bulacan Barangay Captain Edilberto Meneses",DILG,2017-03-11,DENIED,"For awareness, research and information.",06/30/2014 - 01/30/2017,,wrong-agency
12,"SALN of Tibaguin, Hagonoy, Bulacan Barangay Captain Cesar Aranas",DILG,2017-03-13,DENIED,for research,03/13/2017 - 03/13/2017,,wrong-agency
13,"SALN of Tibaguin, Hagonoy, Bulacan Barangay Captain Cesar Aranas",DILG,2017-03-14,DENIED,Research and Information,06/30/2014 - 01/30/2017,,wrong-agency
16,"SALN of Makinabang, Baliwag, Bulacan Barangay Captain Rosalina Clemente",DILG,2017-03-13,DENIED,Research,06/30/2014 - 02/28/2017,,wrong-agency
17,"SALN of Pandayan, Meycauayan, Bulacan Barangay Captain Joseph Cruz",DILG,2017-03-14,DENIED,Research,06/30/0201 - 01/30/2017,,wrong-agency
18,"SALN of Pandayan, Meycauayan, Bulacan Barangay Captain Joseph Cruz",LGA,2017-03-24,DENIED,Research,03/24/2016 - 03/24/2017,,—
21,"SALN of Barangay Batia, Bocaue, Bulacan Barangay Captain Renato Cruz",DILG,2017-03-14,DENIED,research,03/14/2017 - 03/14/2017,,wrong-agency
22,"SALN of Pansumaloc San Rafael, Bulacan barangay captain Jose Reforba",DILG,2017-03-14,DENIED,Research,01/14/2014 - 03/14/2017,,wrong-agency
23,"SALN of Malhacan, Bulacan Barangay Captain Delfin B. San Pablo, III",DILG,2017-03-14,DENIED,Research,06/30/2014 - 02/28/2017,,wrong-agency
24,"SALN of Brgy. Poblacion 1, City of San Jose del Monte, Bulacan Brgy. Captain Laarnie Contreras",DILG,2017-03-14,DENIED,Research,06/30/2014 - 02/28/2017,,wrong-agency
25,"SALN of Eufronio P. Mateo, baranggay captain of San Isidro Hagonoy, Bulacan",DILG,2017-03-15,DENIED,Research,03/15/2015 - 03/15/2017,,wrong-agency
26,"SALN of Eufronio P. Mateo, baranggay captain of San Isidro Hagonoy, Bulacan",LGA,2017-03-15,DENIED,Research,02/01/2017 - 03/15/2017,,—
27,"SALN of Eufronio P. Mateo, baranggay captain of San Isidro Hagonoy, Bulacan",DILG,2017-03-15,DENIED,Research,02/01/2017 - 03/15/2017,,wrong-agency
34,"SALN of Iba O'este, Calumpit, Bulacan Barangay Captain Zoilo Manio",DILG,2017-03-15,DENIED,Research,06/30/2014 - 02/28/2017,,wrong-agency
35,"SALN of Iba O'este, Calumpit, Bulacan Barangay Captain Zoilo Manio",LGA,2017-03-27,DENIED,Research,06/30/2014 - 02/28/2017,,—
38,"SALN of Barangay Tabon, Pulilan, Bulacan Captain Felino D.R. Cruz",DILG,2017-03-15,DENIED,Research and Information,03/15/2017 - 03/15/2017,,wrong-agency
39,"SALN of Barangay San Jose, Hagonoy, Bulacan Barangay Captain Moises Salvador",DILG,2017-03-15,DENIED,research,06/30/2014 - 03/15/2017,,wrong-agency
40,"SALN of San Isidro, Hagonoy, Bulacan Barangay Captain Eufronio P. Mateo",DILG,2017-03-15,DENIED,Research,06/15/2014 - 02/15/2017,,wrong-agency
41,"SALN of Panginay, Balagtas, Bulacan Barangay Captain Roberto Hipolito",DILG,2017-03-15,DENIED,Research,07/15/2014 - 01/15/2017,,wrong-agency
42,"SALN of Panginay, Balagtas, Bulacan Barangay Captain Roberto Hipolito",LGA,2017-03-26,DENIED,Research,07/01/2014 - 03/26/2017,,—
45,"SALN of Sumapang Bata, Malolos, Bulacan Brgy. Captain Anastacio Esteban",DILG,2017-03-15,DENIED,Research and Information,03/15/2015 - 03/15/2017,,wrong-agency
46,"SALN of Tiaong Guiguinto, Bulacan Barangay Captain Celso Gonzales",DILG,2017-03-15,DENIED,Research,06/30/2014 - 02/28/2017,,wrong-agency
47,"SALN of Bambang Bulakan, Bulacan",DILG,2017-03-15,DENIED,research and information,06/30/2014 - 01/30/2017,,wrong-agency
48,SALN of Lugam Malolos Barangay Captain Edgardo Domingo,DILG,2017-03-15,DENIED,Research and educational purposes,03/15/2017 - 03/15/2017,,wrong-agency
49,"SALN of Paombong, Bulacan Mayor Mary Ann Marcos",DILG,2017-03-15,DENIED,Research,03/15/2017 - 03/15/2017,,wrong-agency
50,"SALN of Mojon, Malolos, Bulacan captain Noel Acuna",DILG,2017-03-15,DENIED,research,06/30/2014 - 03/15/2017,,wrong-agency
51,SALN of Eladio Gonzales Jr.,DILG,2017-03-15,DENIED,For research and educational purposes,03/15/2017 - 03/15/2017,,wrong-agency
52,SALN of Eladio Gonzales Jr.,LGA,2017-04-03,DENIED,FOR EDUCATIONAL PURPOSE,04/03/2017 - 04/03/2017,,—
55,SALN of Tabang Guiguinto Bulacan Barangay Captain Apollo M. Robles,DILG,2017-03-15,DENIED,Research and Information,03/15/2017 - 03/15/2017,,wrong-agency
56,"SALN of Sumapang Matanda City of Malolos, Bulacan Captain Lourdes Cerbas",DILG,2017-03-15,DENIED,Research and Information,03/15/2009 - 03/15/2017,,wrong-agency
57,"SALN of Sumapang Matanda City of Malolos, Bulacan Captain Lourdes Cerbas",LGA,2017-03-23,DENIED,Research,03/23/2009 - 03/23/2017,,—
60,"SALN of City of Malolos, Bulacan Mayor Christian D. Natividad",DILG,2017-03-15,DENIED,Research and Information,03/15/2009 - 03/15/2017,,wrong-agency
61,"SALN of Siling Bata, Pandi, Bulacan Barangay Captain Almario Basconcillo",DILG,2017-03-15,DENIED,Research,06/30/2014 - 03/01/2017,,wrong-agency
62,"SALN of Poblacion San Rafael, Bulacan",DILG,2017-03-15,DENIED,Research,03/27/2014 - 03/15/2017,,wrong-agency
63,"SALN of Poblacion San Rafael, Bulacan",DILG,2017-04-03,DENIED,research,04/03/2016 - 04/03/2017,,wrong-agency
66,"SALN of Sta. Rita, Guiguinto, Bulacan Barangay Captain Ponciano Pingol",DILG,2017-03-15,DENIED,Research and Information,03/15/2017 - 03/15/2017,,wrong-agency
67,"SALN of Malolos, Bulacan Mayor Christian Natividad",DILG,2017-03-15,DENIED,Research and Information,03/15/2014 - 03/15/2017,,wrong-agency
68,"SALN of Plaridel, Bulacan Barangay Captain Esperanza S. Garcia",DILG,2017-03-15,DENIED,Research,06/30/2014 - 02/15/2017,,wrong-agency
69,"SALN of Sta. Maria, Bulacan mayor Yoyoy Pleyto",DILG,2017-03-16,DENIED,research,06/30/2014 - 03/15/2017,,wrong-agency
70,SalN of Leni Robredo,OVP,2017-03-16,SUCCESSFUL,Research and Development,03/16/2017 - 03/16/2017,,—
71,SALN of Sulipan Apalit Pampanga Barangay Captain Precy Eboña,DILG,2017-03-16,DENIED,research,06/30/2014 - 03/15/2017,,wrong-agency
72,"The SALN of Barangay San Vicente, Apalit, Pampanga Captain Maximo Salonga from 2015-2017",DILG,2017-03-17,DENIED,Research and Information,01/01/2015 - 03/17/2017,,wrong-agency
73,"The SALN of Barangay San Vicente, Apalit, Pampanga Captain Maximo Salonga from 2015-2017",LGA,2017-03-30,DENIED,Research and Information,01/01/2016 - 03/30/2017,,—
76,"SALN of Celso M. Hernandez, Tikay City of Malolos, Barangay Captian",DILG,2017-03-17,DENIED,Research,03/17/2017 - 03/17/2017,,wrong-agency
77,"SALN of Angat, Bulacan Mayor Leonardo R. De Leon",DILG,2017-03-18,DENIED,Research,03/18/2017 - 03/18/2017,,wrong-agency
78,"SALN of Barangay Captain Cesar Aranas of Tibaguin, Hagonoy, Bulacan",LGA,2017-03-23,DENIED,Research,06/30/2015 - 01/30/2017,,—
79,"SALN of Lugam Malolos, Bulacan Barangay Captain Edgardo Domingo",LGA,2017-03-24,DENIED,Research.,03/24/2017 - 03/24/2017,,—
80,"SALN of Bulihan, Plaridel, Bulacan Barangay Captain Esperanza S. Garcia",LGA,2017-04-01,DENIED,Research and Development,08/01/2016 - 02/20/2017,,—
81,"SALN of Baranggay Mojon, Malolos, Bulacan",LGA,2017-04-02,DENIED,rsearch,06/30/2014 - 04/02/2017,,—
82,SALNs of President Duterte's Cabinet officials,PCOO,2017-04-04,PARTIALLY SUCCESSFUL,Research,04/04/2017 - 04/04/2017,,—
83,"SALN of Mojon, Malolos, Bulacan Baranggay Captain Noel Acuna",LGA,2017-04-05,DENIED,Research and Development,06/30/2014 - 04/05/2017,,—
84,Margaux Justiniano Uson's SALN and documents proving donation of her salary to charitable causes,MTRCB,2017-04-20,SUCCESSFUL,Research for Reporting,01/01/2017 - 04/20/2017,,—
85,SALN of President Duterte and cabinet officials,PCOO,2017-04-28,DENIED,Research and reporting,04/28/2017 - 04/28/2017,,wrong-agency
86,SALN of Leni Robredo,OVP,2017-05-26,ACCEPTED,Research,05/25/2017 - 05/25/2017,,—
87,SALN of Leni Robredo,OVP,2021-11-04,AWAITING CLARIFICATION,Academic purposes,01/01/2020 - 12/31/2020,,—
88,SALN of Leni Robredo,OVP,2021-11-14,DENIED,Transparency,11/14/2021 - 11/14/2021,,invalid-request
89,SALN of Leni Robredo,OVP,2021-11-30,AWAITING CLARIFICATION,Research on the background of this presidential candidate,05/01/2020 - 11/30/2021,,—
102,SALNs of President Duterte and his Cabinet officials,PCOO,2017-06-07,DENIED,Research and Reporting,01/01/2016 - 12/31/2016,,wrong-agency
103,SALN of the Vice President and the programs conducted by the OVP,OVP,2017-07-05,ACCEPTED,For Research,06/30/2016 - 07/05/2017,,—
104,SALN of President Duterte and all his cabinet secretaries,PCOO,2017-07-19,DENIED,research and news reporting,06/30/2016 - 04/30/2017,,wrong-agency
105,SALN of VP Leni Robredo,OVP,2017-07-26,SUCCESSFUL,Research and reporting,01/01/2016 - 12/31/2016,,—
106,SALN of VP Leni Robredo,OVP,2021-11-10,AWAITING CLARIFICATION,Tranparency,06/30/2016 - 12/31/2020,,—
107,SALN of VP Leni Robredo,OVP,2022-02-12,PENDING,Research,01/01/2016 - 12/30/2020,https://www.foi.gov.ph/requests/aglzfmVmb2ktcGhyHQsSB0NvbnRlbnQiEE9WUC05NTU5NTIwMzg4NjkM,
108,SALN of VP Leni Robredo,DILG,2022-02-13,PENDING,Research and Development,12/31/2016 - 12/31/2021,https://www.foi.gov.ph/requests/aglzfmVmb2ktcGhyHgsSB0NvbnRlbnQiEURJTEctMDgzMTEzNDQ2NDYxDA,
109,SALN of VP Leni Robredo,OVP,2022-04-02,PENDING,Research,05/01/2016 - 04/02/2022,https://www.foi.gov.ph/requests/aglzfmVmb2ktcGhyHQsSB0NvbnRlbnQiEE9WUC03ODE5NjI0NzI0MzQM,
110,SALN of VP Leni Robredo,OVP,2022-04-02,AWAITING CLARIFICATION,Research,05/01/2016 - 04/02/2022,https://www.foi.gov.ph/requests/aglzfmVmb2ktcGhyHQsSB0NvbnRlbnQiEE9WUC03ODE5NjI0NzI0MzQM,
111,SALN of VP Leni Robredo,OVP,2022-04-16,PENDING,Educational and research purposes,04/16/2016 - 04/16/2022,https://www.foi.gov.ph/requests/aglzfmVmb2ktcGhyHQsSB0NvbnRlbnQiEE9WUC0yMDkzMzE0NTUwMTYM,
112,SALN of VP Leni Robredo,OVP,2022-04-16,AWAITING CLARIFICATION,Educational and research purposes,04/16/2016 - 04/16/2022,https://www.foi.gov.ph/requests/aglzfmVmb2ktcGhyHQsSB0NvbnRlbnQiEE9WUC0yMDkzMzE0NTUwMTYM,
169,"Statement of Assets, Liabilities and Net Worth (SALN)",DILG,2017-11-15,DENIED,Research and information,11/15/2010 - 11/15/2017,,wrong-agency
170,"Statement of Assets, Liabilities and Net Worth (SALN)",OVP,2022-01-25,PENDING,Transparency,01/01/2013 - 01/25/2022,https://www.foi.gov.ph/requests/aglzfmVmb2ktcGhyHQsSB0NvbnRlbnQiEE9WUC03NDQwMTI2NTg1NTUM,
173,"SALN of Barangay Officials of Lower Irasan, Pres. Manuel A. Roxas, Zamboanga del Norte",DILG,2017-11-17,DENIED,Research and Validation,01/01/2000 - 11/17/2017,,wrong-agency
174,SALN of all Assistant National Statisticians,PSA,2018-03-01,SUCCESSFUL,Audit being conducted by PSA's Internal Audit Division,12/31/2016 - 12/31/2016,,—
175,SALN of Ms. Pia Cayetano and Mr. Lorenzo Tanada III,PMS,2018-04-13,DENIED,Profiling of potential senatorial candidates for the 2019 elections,01/01/1998 - 01/01/2018,,—
176,"SALN of Mr. Aquilino Martin de la Llana Pimentel II/""Koko Pimentel""",DILG,2018-04-13,DENIED,Profiling of potential senatorial candidates for the 2019 elections,01/01/2011 - 04/13/2018,,wrong-agency
177,"SALN of Mr. Francis Tolentino and Mr. Christopher ""Bong"" Go",PMS,2018-04-13,DENIED,Profiling of potential senatorial candidates for the 2019 elections,01/01/1986 - 04/13/2018,,—
178,"SALN of Mr. Koko Pimentel, Mr. Reynaldo Umali, Mr. Zajid Mangudadatu, and Ms. Geraldine Roman",PMS,2018-04-13,DENIED,Profiling of potential senatorial candidates for the 2019 elections,01/01/1998 - 04/13/2018,,—
179,"SALN of Mr. Reynaldo Umali, Mr. Zajid ""Dong"" Mangudadatu, Ms. Geraldine Roman, & Mr. Karlo Nograles",DILG,2018-04-13,DENIED,Profiling of potential senatorial candidates for the 2019 elections,01/01/2008 - 04/13/2018,,wrong-agency
180,"SALN of Mr. Paolo Benigno Aquino IV, Ms. Imee Marcos, Ms. Pia Cayetano, and Mr. Lorenzo Tañada",DILG,2018-04-13,DENIED,Profiling of potential senatorial candidates for the 2019 elections,01/01/1998 - 04/13/2018,,wrong-agency
181,"SALN of Mr. Karlo Nograles, Mr. Harry Roque, Mr. Paolo Benigno Aquino IV, and Ms. Imee Marcos",DILG,2018-04-13,DENIED,Profiling of potential senatorial candidates for the 2019 elections,01/01/1998 - 04/13/2018,,wrong-agency
182,"Statement of Assets, Liabilities, and Net Worth (SALN)",OSG,2018-04-23,DENIED,Assignment in Human Rights Law,04/23/2018 - 04/23/2018,,wrong-agency
183,UP HRD report on Justice Marvic Leonen's SALNS.,CHED,2018-05-14,DENIED,For my column at the Manla Times,10/30/2012 - 10/30/2012,,wrong-agency
184,SALN (Statements of Assets and Liabilities and Network),GCG,2018-05-17,DENIED,Required for submission to PACC and Plunder case filed to the Ombudsman OMB-C-C-17-0152/OMB-C-A-012,01/01/2014 - 12/31/2017,,wrong-agency
185,Summary of SALNs,PCOO,2018-05-28,DENIED,Research and reporting,01/01/2017 - 12/31/2017,,wrong-agency
186,SALN of Ligid-Tipas Barangay Council,DILG,2018-06-26,DENIED,Transparency and review as a barangay constituent,06/01/2006 - 06/26/2018,,wrong-agency
187,SALN of BOC personnel,BOC,2018-06-27,DENIED,Transparency and review.,01/01/2000 - 06/27/2018,,incomplete-request
188,"SALN of Public officials in the local government of the Municipality of Mabinay, Negros Oriental",DILG,2018-09-13,DENIED,media reporting for transparency of all public officials,01/01/2017 - 12/31/2017,,wrong-agency
189,"Statement of Assets, Liabilities and Networth (SALN)",DOE,2018-09-21,DENIED,record purposes,01/01/2017 - 12/31/2017,,wrong-agency
190,"Statement of Assets, Liabilities and Networth (SALN)",DOE,2018-09-21,DENIED,general inquiry and record purposes,01/01/2017 - 12/31/2017,,wrong-agency
191,"Statement of Assets, Liabilities and Networth (SALN)",OVP,2021-10-29,AWAITING CLARIFICATION,Transparency and Research,01/29/2020 - 01/29/2021,,—
198,SALN of Virgilio S. Almario and Puricacion G Delima,KWF,2019-01-11,CLOSED,Legal Research,Invalid date - 01/11/2019,,—
199,"Statement of Asset, Liability and Net worth (SALN)",DILG,2019-03-13,DENIED,Research,03/13/2017 - 03/13/2019,,wrong-agency
200,"Secretary Bello SALN, PDS, and CV",DOLE,2019-09-05,DENIED,Public interest,01/01/2018 - 09/05/2019,,—
201,"Manuel Campasas Roldan - SALN, PDS, CV",DOLE,2019-09-05,DENIED,Public interest,01/01/2018 - 09/05/2019,,—
202,"Claro A. Arellano SALN, PDS, CV",DOLE,2019-09-05,DENIED,Public interest,01/01/2018 - 09/05/2019,,—
203,"OIC Antonio Villafuerte - SALN, PDS, CV",DOLE,2019-09-05,DENIED,Public interest,01/01/2018 - 09/05/2019,,—
204,SALN of all PCOO officials,PCOO,2019-09-23,DENIED,Research and news writing.,06/30/2016 - 06/30/2019,,wrong-agency
205,SALN of Tourism Secretary Bernadette Romulo-Puyat,DOT,2019-10-01,SUCCESSFUL,Research and Project,01/01/2019 - 10/01/2019,,—
206,"Statement of Assets, Liabilities, and Net Worth (SALN) of President Rodrigo Roa Duterte",PCOO,2019-11-12,DENIED,R2KRN Freedom of Information Practice,01/01/2016 - 12/31/2018,,wrong-agency
207,SALNs of President Duterte's Cabinet members,PCOO,2020-09-16,DENIED,Research and FOI Practice,01/01/2018 - 12/31/2019,,wrong-agency
208,SALN of VP Robredo,OVP,2020-09-18,CLOSED,Freedom of Information,01/01/2019 - 12/31/2019,,—
209,"Statements of Assets, Liabilities and Net Worth (SALN) of Mayor Vico Sotto",USAP,2021-01-13,DENIED,Research,01/01/2016 - 01/13/2021,,wrong-agency
210,"Statements of Assets, Liabilities and Net Worth (SALN) of President Rodrigo Duterte",PMS,2021-01-13,DENIED,Research,01/01/2016 - 12/31/2020,,—
211,Certified True Copy of SALN and PDS of LYNDON CABIGON CIELO,DILG,2021-01-20,PARTIALLY SUCCESSFUL,Requirements for the attachment on the correction of entry of sons' birth certificate,01/01/1995 - 01/01/2005,,—
212,SALN of Mayor Edwin Santos,DILG,2021-04-14,DENIED,Freedom of Information,01/01/2010 - 04/13/2021,,wrong-agency
213,2015 and 2016 SALN of Jamail A. Marohomsalic,BOC,2021-06-15,DENIED,For a civil case before 13th Sharia Circuit Court for adjudication and division of property upon div,12/31/2015 - 12/31/2017,,invalid-request
214,SALN of former PS-DBM executive director Lloyd Christopher Lao,PSDBM,2021-09-09,PENDING,Research and reportage,12/31/2019 - 06/30/2020,,—
215,SALN Request,OVP,2021-09-10,PENDING,Research and Publication,01/01/2020 - 12/31/2020,,—
216,SALN Request,OVP,2021-10-29,AWAITING CLARIFICATION,Research and academic purposes,01/01/2020 - 12/31/2020,,—
217,SALN Request,OVP,2021-10-29,AWAITING CLARIFICATION,Research and Publication,01/01/2020 - 10/29/2021,,—
218,SALN Request,OVP,2021-10-29,DENIED,Research Purposes,01/01/2020 - 01/01/2021,,invalid-request
219,SALN Request,OVP,2021-10-30,DENIED,Research,01/01/2020 - 01/01/2021,,—
220,SALN Request,OVP,2021-10-30,AWAITING CLARIFICATION,For transparency,07/01/2016 - 10/01/2021,,—
221,SALN Request,OVP,2021-11-01,SUCCESSFUL,Research,01/01/2020 - 12/31/2020,,—
222,SALN Request,OVP,2022-01-25,PENDING,Research and Publication,01/01/2020 - 12/31/2020,https://www.foi.gov.ph/requests/aglzfmVmb2ktcGhyHQsSB0NvbnRlbnQiEE9WUC0yMjM4ODA3MTE4OTcM,
223,SALN Request,OVP,2022-03-01,PENDING,Research,01/01/2013 - 03/01/2022,https://www.foi.gov.ph/requests/aglzfmVmb2ktcGhyHQsSB0NvbnRlbnQiEE9WUC01OTEzMzExMjY3NTYM,
296,SALN of the City councilors and the mayor of Zamboanga City,DILG,2021-09-11,PENDING,Research and Development,01/01/2016 - 12/31/2020,,—
297,SALN of Secretary Bernadette Romulo-Puyat,DOT,2021-09-24,AWAITING CLARIFICATION,Research and Development,01/01/2018 - 12/31/2020,,—
298,SALN of Secretary Bernadette Romulo-Puyat,DOT,2021-09-28,SUCCESSFUL,Research and other academic purposes,01/01/2018 - 12/31/2020,,—
301,SALN of Agrarian Reform Secretary John Castriciones,DAR,2021-09-25,AWAITING CLARIFICATION,Research and Development,01/01/2018 - 01/01/2021,,—
302,SALN of Vice President Leni Robredo,OVP,2021-09-25,PENDING,Research and Development,01/01/2018 - 01/01/2021,,—
303,SALN of Vice President Leni Robredo,OVP,2021-09-27,PENDING,Research and development,01/01/2016 - 01/01/2021,,—
304,SALN of Vice President Leni Robredo,OVP,2021-11-15,AWAITING CLARIFICATION,Research Paper Essay,01/01/2020 - 12/31/2020,,—
305,SALN of Vice President Leni Robredo,OVP,2022-01-25,PENDING,Research,01/01/2016 - 12/31/2021,https://www.foi.gov.ph/requests/aglzfmVmb2ktcGhyHQsSB0NvbnRlbnQiEE9WUC00MDYwOTcyMTYwODgM,
306,SALN of Vice President Leni Robredo,OVP,2022-05-12,PENDING,For our transparency research in our class in UP Diliman NCPAG,05/01/2022 - 05/12/2022,https://www.foi.gov.ph/requests/aglzfmVmb2ktcGhyHQsSB0NvbnRlbnQiEE9WUC02NzE0Nzk1MjI1NTIM,
327,SALN of Department of Budget and Management Secretary Wendel E. Avisado,DBM,2021-09-27,DENIED,Research and development,01/01/2019 - 01/01/2021,,wrong-agency
328,SALN of Department of National Defense Secretary Delfin N. Lorenzana,DND,2021-09-27,DENIED,Research and development,01/01/2018 - 01/01/2021,,invalid-request
329,SALNs of Duterte Administration Cabinet Members,PCOO,2021-09-27,DENIED,Research and development,01/01/2016 - 01/01/2021,,wrong-agency
330,SALN of Department of Tourism Secretary Bernadette Romulo Puyat,DOT,2021-09-27,SUCCESSFUL,Research and development,01/01/2018 - 01/01/2021,,—
331,SALN of Agrarian Reform John R. Castriciones,DAR,2021-09-27,AWAITING CLARIFICATION,Research and development,01/01/2017 - 01/01/2021,,—
332,SALN of Department of Public Works and Highways Secretary Mark A. Villar,DPWH,2021-09-28,DENIED,Research and development,01/01/2018 - 01/01/2021,,invalid-request
333,SALN of Secretary Teodoro Locsin Jr.,DFA,2021-09-28,PENDING,Research and other academic purposes,01/01/2018 - 12/31/2020,,—
334,"Statement of Assets, Liabilities and Net Worth (SALN) of Sec. Herminio Harry L. Roque Jr.",PCOO,2021-09-28,DENIED,Research and Academic,01/01/2018 - 12/31/2020,,wrong-agency
335,"Statement of Assets, Liabilities and Net Worth (SALN) of DENR Sec. Roy A. Cimatu",DENR,2021-09-28,DENIED,Research and Academic,01/01/2018 - 12/31/2020,,wrong-agency
336,SALN OF Department of Education Secretary Leonor Magtolis Briones,DepEd,2021-09-28,PROCESSING,Research and development,01/01/2018 - 01/01/2021,,—
337,"Statement of Assets, Liabilities and Net Worth (SALN) of DepEd Sec. Leonor Magtolis Briones",DepEd,2021-09-28,PROCESSING,Research and Academic,01/01/2018 - 12/31/2020,,—
338,"Statement of Assets, Liabilities and Net Worth (SALN) of DOH Sec. Dr. Francisco Duque III",DOH,2021-09-28,PROCESSING,Research and Academic,01/01/2018 - 12/31/2020,,—
339,"Statement of Assets, Liabilities and Net Worth (SALN) of DOLE Sec. Sec. Silvestre H. Bello III",DOLE,2021-09-28,SUCCESSFUL,Research and Academic,01/01/2018 - 12/31/2020,,—
340,"Statement of Assets, Liabilities and Net Worth (SALN) of DOT Sec. Bernadette Romulo Puyat",DOT,2021-09-28,SUCCESSFUL,Research and Academic,01/01/2018 - 12/31/2020,,—
341,"Statement of Assets, Liabilities and Net Worth (SALN) of DOT Sec. Bernadette Romulo Puyat",DOT,2021-10-21,AWAITING CLARIFICATION,Research and Academic Purposes,01/01/2018 - 12/31/2020,,—
344,"Statement of Assets, Liabilities and Net Worth (SALN) of DOJ Sec. Menardo Guevarra",DOJ,2021-09-29,PENDING,Academic Research,01/01/2018 - 12/31/2020,,—
345,"Statement of Assets, Liabilities and Net Worth (SALN) of DOJ Sec. Menardo Guevarra",DOJ,2021-10-21,SUCCESSFUL,Research and Academic Purposes,01/01/2018 - 12/31/2020,,—
348,"Statement of Assets, Liabilities, and Net Worth (SALN) of DICT Sec.Gregorio B. Honasan II",DICT,2021-10-05,PENDING,Academic and Research Purposes,01/01/2018 - 10/01/2020,,—
349,"Statement of Assets, Liabilities, and Net Worth (SALN) of DTI Secretary Ramon M. Lopez, from 2018 -",DTI,2021-10-05,REFERRED,Academic and Research Purposes,01/01/2018 - 10/01/2020,,—
350,"Statement of Assets, Liabilities, and Net Worth (SALN) of DTI Secretary Ramon M. Lopez, from 2018 -",OP,2021-10-07,PENDING,Academic and Research Purposes,01/01/2018 - 10/01/2020,,—
353,"Statement of Assets, Liabilities, and Net Worth (SALN) of DOST Sec. Fortunato de la Peña 2018-2020",DOST,2021-10-05,REFERRED,Academic and Research purposes,01/01/2018 - 10/01/2020,,—
354,"Statement of Assets, Liabilities, and Net Worth (SALN) of DOST Sec. Fortunato de la Peña 2018-2020",OP,2021-10-07,PENDING,Academic and Research purposes,01/01/2018 - 10/01/2020,,—
357,"Statement of Assets, Liabilities, and Net Worth (SALN) of Sec. Roy A. Cimatu 2018 - 2020.",DENR,2021-10-05,DENIED,Academic and Research Purposes,01/01/2018 - 10/01/2020,,wrong-agency
358,SALN Report of VP Robredo,OVP,2021-10-13,PENDING,It is intended for my Midterm Exam and I'll use it as my Supporting Facts,01/01/2016 - 10/13/2021,,—
359,"Statement of Assets, Liabilities and Net Worth (SALN) of DOLE Sec. Silvestre H. Bello III",DOLE,2021-10-14,SUCCESSFUL,Research and other Academic Purposes,01/01/2018 - 12/31/2020,,—
360,SALN of the VP,OVP,2021-10-17,AWAITING CLARIFICATION,Research for who to vote,01/01/2016 - 10/17/2021,,—
361,SALN of the VP,OVP,2021-10-21,SUCCESSFUL,For Research Purposes,10/21/2016 - 10/21/2021,,—
364,SALN of DENR Secretary Roy Cimatu,DENR,2021-10-21,DENIED,Academic Research and Purposes,01/01/2018 - 12/31/2020,,wrong-agency
365,SALN of Masbate Governor Antonio Kho,DILG,2021-10-24,PENDING,Information/Transparency to citizens in Masbate,01/01/2016 - 12/31/2020,,—
366,Saln of vice leni robredo,OVP,2021-10-29,AWAITING CLARIFICATION,For research,01/30/2016 - 10/29/2021,,—
367,SALN of the Vice President,OVP,2021-10-29,AWAITING CLARIFICATION,Transparency and Research,10/29/2019 - 10/29/2021,,—
368,SALN of the Vice President,OVP,2021-10-29,SUCCESSFUL,TRASPARENCY,01/01/2016 - 09/20/2021,,—
369,SALN of the Vice President,OVP,2022-01-06,PENDING,For research purposes,01/01/2021 - 12/31/2021,https://www.foi.gov.ph/requests/aglzfmVmb2ktcGhyHQsSB0NvbnRlbnQiEE9WUC00NjkzNjQ0MjYyMzMM,
376,LATEST SALN OF VP ROBREDO,OVP,2021-10-29,AWAITING CLARIFICATION,FOR ACADEMIC RESEARCH PURPOSES,01/01/2020 - 12/31/2020,,—
377,SALN of Mayor Vico Sotto,USAP,2021-10-29,DENIED,Transparency,01/01/2020 - 12/31/2020,,—
378,"Statement of Assets, Liabilities, and Net Worth (SALN) of Vice President Maria Leonor G. Robredo",OVP,2021-10-30,SUCCESSFUL,Research on facts and other information,01/01/2020 - 12/31/2020,,—
379,SALN REQUEST,OVP,2021-10-30,DENIED,Research,01/01/2019 - 10/30/2021,,—
380,Latest SALN of the Vice President,OVP,2021-10-30,AWAITING CLARIFICATION,Research,01/01/2019 - 10/30/2021,,—
381,Latest SALN of the Vice President,OVP,2022-01-24,PENDING,Research and Development,06/13/2013 - 01/24/2022,https://www.foi.gov.ph/requests/aglzfmVmb2ktcGhyHQsSB0NvbnRlbnQiEE9WUC0xNTU1OTgwMTA0MDcM,
384,2020 SALN of the Vice President,OVP,2021-10-31,AWAITING CLARIFICATION,Transparency,01/01/2020 - 12/31/2020,,—
385,Saln of Vice President,OVP,2021-11-01,AWAITING CLARIFICATION,Personal interest,05/10/2016 - 11/01/2021,,—
386,Leni Robredo's SALN 2019 and 2020,OVP,2021-11-03,AWAITING CLARIFICATION,Research and development,01/01/2019 - 12/31/2020,,—
387,SALN and OVP Financial Statement,OVP,2021-11-05,AWAITING CLARIFICATION,Research purposes,01/01/2019 - 01/01/2021,,—
388,SALN of Ernesto Corpus Abella,DFA,2021-11-09,DENIED,Academic purposes,01/01/2020 - 12/31/2020,,wrong-agency
389,SALN of Leysander Ordenes,MARINA,2021-11-09,PENDING,Academic purposes,01/01/2020 - 12/31/2020,,—
390,"Statement of Assets, Liabilities, and Net Worth (SALN) of the Vice President",OVP,2021-11-11,AWAITING CLARIFICATION,Records Request Project,06/30/2016 - 06/30/2020,,—
391,SALN of Deputy Executive Director,OWWA,2021-11-13,SUCCESSFUL,Research,01/01/2019 - 12/31/2020,,—
392,SALN of Vice President,OVP,2021-12-01,AWAITING CLARIFICATION,Research,01/01/2016 - 12/01/2021,,—
393,SALN Request & Accomplishments & Report of Office of the Vice President,OVP,2022-01-01,PENDING,for research purposes,05/01/2016 - 12/31/2021,https://www.foi.gov.ph/requests/aglzfmVmb2ktcGhyHQsSB0NvbnRlbnQiEE9WUC05MDg4MTcxNzI4ODAM,
394,SALN of Vice President 2020,OVP,2022-01-07,PENDING,For research purposes,01/07/2019 - 01/07/2020,https://www.foi.gov.ph/requests/aglzfmVmb2ktcGhyHQsSB0NvbnRlbnQiEE9WUC0yODY2NTk1MzI4NTIM,
395,"Credentials, Resume, SALN & Travel Expenses of the Vice President",OVP,2022-01-23,PENDING,Research for a school paper,06/30/2016 - 12/31/2021,https://www.foi.gov.ph/requests/aglzfmVmb2ktcGhyHQsSB0NvbnRlbnQiEE9WUC00NDU2MjA1NjA4OTAM,
396,OVP SALN and Updated CV,PUP,2022-01-24,DENIED,For research purposes.,01/24/2016 - 01/24/2022,https://www.foi.gov.ph/requests/aglzfmVmb2ktcGhyHQsSB0NvbnRlbnQiEFBVUC0wNzgwODk2MjgxMjUM,
397,"SALN of Ferdinand ""Bongbong"" Marcos Jr.",PCGG,2022-01-24,SUCCESSFUL,Research and Development,01/01/2016 - 01/01/2021,https://www.foi.gov.ph/requests/aglzfmVmb2ktcGhyHgsSB0NvbnRlbnQiEVBDR0ctMzU5Mjc5MTU1NDI4DA,
398,"SALN of Ferdinand ""Bongbong"" Marcos Jr.",PCGG,2022-05-05,DENIED,Research and Development,01/01/2016 - 01/01/2021,https://www.foi.gov.ph/requests/aglzfmVmb2ktcGhyHgsSB0NvbnRlbnQiEVBDR0ctNDM2NTQ5NzI4NTgxDA,
401,SALN Leni Robredo,OVP,2022-01-25,PENDING,Fact check,01/01/2021 - 01/25/2022,https://www.foi.gov.ph/requests/aglzfmVmb2ktcGhyHQsSB0NvbnRlbnQiEE9WUC0wOTMyODkyMzIxNTAM,
402,Request for VP Leni Robredo SALN form,OVP,2022-01-25,PENDING,Research and Development,01/25/2022 - 01/25/2022,https://www.foi.gov.ph/requests/aglzfmVmb2ktcGhyHQsSB0NvbnRlbnQiEE9WUC0zNDk3NzQ5NzI3NzgM,
403,"Request for Senator Panfilo ""Ping"" M. Lacson SALN form",OVP,2022-01-25,PENDING,To see how fit he is to run the country,01/25/2022 - 01/25/2022,https://www.foi.gov.ph/requests/aglzfmVmb2ktcGhyHQsSB0NvbnRlbnQiEE9WUC04NTA3MDczNDM2NzcM,
404,Latest SALN of Vice President Leni Robredo,OVP,2022-01-25,PENDING,Research,01/01/2020 - 01/25/2022,https://www.foi.gov.ph/requests/aglzfmVmb2ktcGhyHQsSB0NvbnRlbnQiEE9WUC0xMDIzMjkxMDMwMDEM,
405,VP Leni's SALN and accomplishments including financial reports,OVP,2022-01-31,PENDING,Personal Research for 2022 Presidential Election,06/30/2016 - 01/28/2022,https://www.foi.gov.ph/requests/aglzfmVmb2ktcGhyHQsSB0NvbnRlbnQiEE9WUC01MjczNjYxNTQyMjQM,
406,SALN Of VP Leni Robredo,OVP,2022-02-04,PENDING,Research for Journalism Article,02/04/2022 - 02/04/2022,https://www.foi.gov.ph/requests/aglzfmVmb2ktcGhyHQsSB0NvbnRlbnQiEE9WUC0wNDMzODM5MDM3NDAM,
407,SALN of VP Robredo from 2016-2022,OVP,2022-02-13,PENDING,Research and Development,12/31/2016 - 12/31/2021,https://www.foi.gov.ph/requests/aglzfmVmb2ktcGhyHQsSB0NvbnRlbnQiEE9WUC05NjMyOTk3NTk1MjUM,
408,SALN request,OVP,2022-02-14,PENDING,For Research use,01/01/2021 - 12/31/2021,https://www.foi.gov.ph/requests/aglzfmVmb2ktcGhyHQsSB0NvbnRlbnQiEE9WUC0yNDc3MzY4ODQ0ODIM,
409,"SALN, CV and Accomplishment Report",OVP,2022-02-16,PENDING,Research,02/16/2010 - 02/16/2022,https://www.foi.gov.ph/requests/aglzfmVmb2ktcGhyHQsSB0NvbnRlbnQiEE9WUC05NjM0NTA2MzA2ODMM,
410,SALN OF THE VICE PRESIDENT,OVP,2022-02-27,PENDING,Research,01/01/2021 - 12/30/2021,https://www.foi.gov.ph/requests/aglzfmVmb2ktcGhyHQsSB0NvbnRlbnQiEE9WUC0xNzgwMTYzODMwNzMM,
411,OVP -SALN REPORT,OVP,2022-03-11,PENDING,Background Search for upcoming elections,01/01/2021 - 12/31/2021,https://www.foi.gov.ph/requests/aglzfmVmb2ktcGhyHQsSB0NvbnRlbnQiEE9WUC05MDcyMDU3Nzg4ODkM,
412,SALN of the OVP,OVP,2022-03-13,PENDING,Forr Research and clarification. Also to check if there's transparency.,01/01/2016 - 01/01/2022,https://www.foi.gov.ph/requests/aglzfmVmb2ktcGhyHQsSB0NvbnRlbnQiEE9WUC0yMDI2MDk1NzE5OTUM,
413,SALN OF VICE PRESIDENT,OVP,2022-03-13,PENDING,Transparency,03/13/2022 - 03/13/2022,https://www.foi.gov.ph/requests/aglzfmVmb2ktcGhyHQsSB0NvbnRlbnQiEE9WUC04OTE5MTQ2OTM3NTIM,
414,SALN of Vice President Robredo,OVP,2022-03-15,PENDING,Research,01/01/2010 - 03/15/2022,https://www.foi.gov.ph/requests/aglzfmVmb2ktcGhyHQsSB0NvbnRlbnQiEE9WUC0wNjkyNDcxNDcyOTAM,
415,SALN - Agnes Joyce G. Bailen,OP,2022-03-19,PENDING,"Research and development - voter education, know the senatorial candidates",01/01/2021 - 12/31/2021,https://www.foi.gov.ph/requests/aglzfmVmb2ktcGhyHAsSB0NvbnRlbnQiD09QLTU5NDUzMzQzNjUxMgw,
416,SALN - Agnes Joyce G. Bailen,DBM,2022-03-19,REFERRED,"Research and development - voter education, know the senatorial candidates",01/01/2021 - 12/31/2021,https://www.foi.gov.ph/requests/aglzfmVmb2ktcGhyHQsSB0NvbnRlbnQiEERCTS01MTQ2ODQ4MTg2NTAM,
419,SALN of Ferdinand Marcos Sr. before and after his presidency,PCGG,2022-04-18,DENIED,Research,02/25/0001 - 02/25/1986,https://www.foi.gov.ph/requests/aglzfmVmb2ktcGhyHgsSB0NvbnRlbnQiEVBDR0ctNjUwNjk0NTIxMTYwDA,
420,SALN of Ferdinand Marcos Sr. before and after his presidency,PCGG,2022-05-08,PENDING,Research,12/30/1965 - 02/25/1986,https://www.foi.gov.ph/requests/aglzfmVmb2ktcGhyHgsSB0NvbnRlbnQiEVBDR0ctMzEwNjA2OTM1MzY1DA,
423,JOHN CASTRO SALN OF VP LENI,OVP,2022-04-20,PENDING,My I ask a copy of SALN of VP Leni Robredo. I just want to use it for my research.,01/01/2016 - 04/20/2022,https://www.foi.gov.ph/requests/aglzfmVmb2ktcGhyHQsSB0NvbnRlbnQiEE9WUC02MTQ2ODkzMzg0MjEM,
424,JOHN CASTRO SALN OF VP LENI,OVP,2022-04-20,AWAITING CLARIFICATION,My I ask a copy of SALN of VP Leni Robredo. I just want to use it for my research.,01/01/2016 - 04/20/2022,https://www.foi.gov.ph/requests/aglzfmVmb2ktcGhyHQsSB0NvbnRlbnQiEE9WUC02MTQ2ODkzMzg0MjEM,
427,SALN OF FERDINAND MARCOS JR. 2010-2016,PCGG,2022-04-21,PENDING,For information,01/01/2010 - 06/30/2016,https://www.foi.gov.ph/requests/aglzfmVmb2ktcGhyHgsSB0NvbnRlbnQiEVBDR0ctMTE4MDEyNzYyNDcxDA,
428,SALN OF FERDINAND MARCOS JR. 2010-2016,PCGG,2022-04-21,DENIED,For information,01/01/2010 - 06/30/2016,https://www.foi.gov.ph/requests/aglzfmVmb2ktcGhyHgsSB0NvbnRlbnQiEVBDR0ctMTE4MDEyNzYyNDcxDA,
431,"SALN,CDP and accomplish plans and projects of Vice President Leni Robredo",OVP,2022-04-24,PENDING,"For research and to share credible sources to my friends, collegues and relatives",07/01/2016 - 04/24/2022,https://www.foi.gov.ph/requests/aglzfmVmb2ktcGhyHQsSB0NvbnRlbnQiEE9WUC02NTU1MzE2NDMwNTkM,
432,"SALN,CDP and accomplish plans and projects of Vice President Leni Robredo",OVP,2022-04-24,AWAITING CLARIFICATION,"For research and to share credible sources to my friends, collegues and relatives",07/01/2016 - 04/24/2022,https://www.foi.gov.ph/requests/aglzfmVmb2ktcGhyHQsSB0NvbnRlbnQiEE9WUC02NTU1MzE2NDMwNTkM,
435,SALNs of VP Leni Robredo,OVP,2022-04-27,PENDING,Research on Politics,01/01/2016 - 12/31/2021,https://www.foi.gov.ph/requests/aglzfmVmb2ktcGhyHQsSB0NvbnRlbnQiEE9WUC0yNTkyNzI1NzA2MjYM,
436,SALNs of VP Leni Robredo,OVP,2022-04-27,AWAITING CLARIFICATION,Research on Politics,01/01/2016 - 12/31/2021,https://www.foi.gov.ph/requests/aglzfmVmb2ktcGhyHQsSB0NvbnRlbnQiEE9WUC0yNTkyNzI1NzA2MjYM,
439,SALN Vice President Leni Robredo,OVP,2022-04-27,PENDING,Research and Fact Checking for School Purposes,12/25/2021 - 04/27/2022,https://www.foi.gov.ph/requests/aglzfmVmb2ktcGhyHQsSB0NvbnRlbnQiEE9WUC0xMjI4OTQyMDczMTMM,
440,SALN Vice President Leni Robredo,OVP,2022-04-27,AWAITING CLARIFICATION,Research and Fact Checking for School Purposes,12/25/2021 - 04/27/2022,https://www.foi.gov.ph/requests/aglzfmVmb2ktcGhyHQsSB0NvbnRlbnQiEE9WUC0xMjI4OTQyMDczMTMM,
443,Ferdinand Marcos Jr. SALN during his term as Senator,PCGG,2022-05-05,DENIED,Research and Development,07/01/2010 - 06/30/2016,https://www.foi.gov.ph/requests/aglzfmVmb2ktcGhyHgsSB0NvbnRlbnQiEVBDR0ctMDIzNTc5NDEzODM5DA,
444,SALN or Ferdinand marcos SR.,BIR,2022-05-13,DENIED,Research,12/31/1960 - 12/31/1965,https://www.foi.gov.ph/requests/aglzfmVmb2ktcGhyHQsSB0NvbnRlbnQiEEJJUi02NjEzMzE0Mjg2NTAM,
445,SALN or Ferdinand marcos SR.,BIR,2022-05-13,PENDING,Research,12/31/1960 - 12/31/1965,https://www.foi.gov.ph/requests/aglzfmVmb2ktcGhyHQsSB0NvbnRlbnQiEEJJUi02NjEzMzE0Mjg2NTAM,
448,Sworn SALN of Vice President Leni G. Robredo,OVP,2022-06-14,AWAITING CLARIFICATION,For transparency purposes,06/30/2016 - 06/14/2022,https://www.foi.gov.ph/requests/aglzfmVmb2ktcGhyHQsSB0NvbnRlbnQiEE9WUC01NzQ2NTk3NTQyNzIM,
449,Sworn SALN of Vice President Leni G. Robredo,OVP,2022-06-14,PENDING,For transparency purposes,06/30/2016 - 06/14/2022,https://www.foi.gov.ph/requests/aglzfmVmb2ktcGhyHQsSB0NvbnRlbnQiEE9WUC01NzQ2NTk3NTQyNzIM,
452,"All Statements of Assets, Liabilities, Net Worth (SALN) of President Rodrigo Duterte",PMS,2022-06-16,PENDING,News reporting,01/01/2018 - 06/16/2022,https://www.foi.gov.ph/requests/aglzfmVmb2ktcGhyHQsSB0NvbnRlbnQiEFBNUy0wMjg3ODIyNzEzMjAM,
453,"The latest Statement of Assets, Liabilities, and Net Worth (SALN) of CCP Chairperson Margie Moran",CCP,2022-06-22,PENDING,Research and Development,06/22/2022 - 06/22/2022,https://www.foi.gov.ph/requests/aglzfmVmb2ktcGhyHQsSB0NvbnRlbnQiEENDUC03NjAxNjQ2Nzk0MDUM,
454,"Request for SALN Copy of the Mayors of Buruanga, Aklan from 2004 to Present",DILG,2022-07-15,DENIED,Research,01/01/2004 - 07/15/2022,https://www.foi.gov.ph/requests/aglzfmVmb2ktcGhyHgsSB0NvbnRlbnQiEURJTEctNzg0Njg0NzQwOTI2DA,
455,"CDLB, SALN & PDS",PNP,2022-08-06,DENIED,Proof of updated record,01/01/2015 - 08/01/2022,https://www.foi.gov.ph/requests/aglzfmVmb2ktcGhyHQsSB0NvbnRlbnQiEFBOUC05Njg3NjQxMTQzNjEM,
456,"CDLB, SALN & PDS",PNP,2022-08-06,PENDING,Proof of updated record,01/01/2015 - 08/01/2022,https://www.foi.gov.ph/requests/aglzfmVmb2ktcGhyHQsSB0NvbnRlbnQiEFBOUC05Njg3NjQxMTQzNjEM,
459,SALN of Former DOH Sec. Dr. Francisco Duque III,DOH,2022-09-05,PENDING,Research,01/01/2018 - 12/31/2021,https://www.foi.gov.ph/requests/aglzfmVmb2ktcGhyHQsSB0NvbnRlbnQiEERPSC0xNDg5NzcxNzY5MDIM,
460,SALN of Former DOH Sec. Dr. Francisco Duque III,DOH,2022-09-05,PROCESSING,Research,01/01/2018 - 12/31/2021,https://www.foi.gov.ph/requests/aglzfmVmb2ktcGhyHQsSB0NvbnRlbnQiEERPSC0xNDg5NzcxNzY5MDIM,
463,SALN of Vice President Sara Z. Duterte,OVP,2022-10-06,PARTIALLY SUCCESSFUL,Research,06/30/2016 - 10/06/2022,https://www.foi.gov.ph/requests/aglzfmVmb2ktcGhyHQsSB0NvbnRlbnQiEE9WUC0xMDkwNjc1MDM5NTMM,
464,SALN of Vice President Sara Z. Duterte,OVP,2022-10-06,PENDING,Research,06/30/2016 - 10/06/2022,https://www.foi.gov.ph/requests/aglzfmVmb2ktcGhyHQsSB0NvbnRlbnQiEE9WUC0xMDkwNjc1MDM5NTMM,
467,SALN of Gerald Bantag as employee of BJMP,BJMP,2022-10-28,SUCCESSFUL,Academic Research,01/01/2014 - 10/28/2022,https://www.foi.gov.ph/requests/aglzfmVmb2ktcGhyHgsSB0NvbnRlbnQiEUJKTVAtMzY2OTcxNzU4NjQxDA,
468,SALN of Gerald Bantag as employee of BJMP,BJMP,2022-10-28,ACCEPTED,Academic Research,01/01/2014 - 10/28/2022,https://www.foi.gov.ph/requests/aglzfmVmb2ktcGhyHgsSB0NvbnRlbnQiEUJKTVAtMzY2OTcxNzU4NjQxDA,
471,SALN of Gerald Bantag as employee of BuCor,DOJ,2022-10-28,SUCCESSFUL,Academic research,01/01/2019 - 10/28/2022,https://www.foi.gov.ph/requests/aglzfmVmb2ktcGhyHQsSB0NvbnRlbnQiEERPSi0wMjkyNTQ1NDc0ODQM,
472,SALN of Gerald Bantag as employee of BuCor,BUCOR,2022-10-28,DENIED,Academic research,01/01/2019 - 10/28/2022,https://www.foi.gov.ph/requests/aglzfmVmb2ktcGhyHwsSB0NvbnRlbnQiEkJVQ09SLTU4NTE1NTkwMTQ5OAw,
473,SALN of Gerald Bantag as employee of BuCor,BUCOR,2022-10-28,PENDING,Academic research,01/01/2019 - 10/28/2022,https://www.foi.gov.ph/requests/aglzfmVmb2ktcGhyHwsSB0NvbnRlbnQiEkJVQ09SLTU4NTE1NTkwMTQ5OAw,
474,SALN of Gerald Bantag as employee of BuCor,DOJ,2022-10-28,PENDING,Academic research,01/01/2019 - 10/28/2022,https://www.foi.gov.ph/requests/aglzfmVmb2ktcGhyHQsSB0NvbnRlbnQiEERPSi0wMjkyNTQ1NDc0ODQM,
